time,PID,USER,PR,NI,VIRT,RES,SHR,S,%CPU,%MEM,TIME+,COMMAND
2020-03-30 15:37:36,1363,mysql,20,0,3124984,173212,12608,S,0.0,2.2,0:01.81,/usr/sbin/mysqld
2020-03-30 15:38:37,1363,mysql,20,0,3124984,175852,12628,S,0.0,2.2,0:01.88,/usr/sbin/mysqld
2020-03-30 15:39:59,1438,mysql,20,0,3124984,186968,13348,S,0.0,2.3,0:01.99,/usr/sbin/mysqld
2020-03-30 15:41:05,1438,mysql,20,0,3124984,198300,13524,S,0.0,2.5,0:03.89,/usr/sbin/mysqld
2020-03-30 15:42:07,1438,mysql,20,0,3124984,199636,13524,S,5.9,2.5,0:04.59,/usr/sbin/mysqld
2020-03-30 15:43:08,1438,mysql,20,0,3124984,199636,13524,S,11.1,2.5,0:05.55,/usr/sbin/mysqld
2020-03-30 15:44:09,1438,mysql,20,0,3124984,199636,13524,S,5.9,2.5,0:06.49,/usr/sbin/mysqld
2020-03-30 15:45:09,1438,mysql,20,0,3124984,200660,13524,S,0.0,2.5,0:07.53,/usr/sbin/mysqld
2020-03-30 15:46:11,1438,mysql,20,0,3124984,200660,13524,S,5.6,2.5,0:08.50,/usr/sbin/mysqld
2020-03-30 15:47:12,1438,mysql,20,0,3124984,200660,13524,S,11.8,2.5,0:09.50,/usr/sbin/mysqld
2020-03-30 15:48:12,1438,mysql,20,0,3124984,201684,13524,S,5.9,2.5,0:10.45,/usr/sbin/mysqld
2020-03-30 15:49:13,1438,mysql,20,0,3124984,205072,13524,S,11.8,2.6,0:11.39,/usr/sbin/mysqld
2020-03-30 15:50:14,1438,mysql,20,0,3124984,206460,13524,S,0.0,2.6,0:12.34,/usr/sbin/mysqld
2020-03-30 15:51:14,1438,mysql,20,0,3124984,208496,13524,S,11.1,2.6,0:13.26,/usr/sbin/mysqld
2020-03-30 15:52:15,1438,mysql,20,0,3124984,209736,13524,S,0.0,2.6,0:14.21,/usr/sbin/mysqld
2020-03-30 15:53:16,1438,mysql,20,0,3124984,209736,13524,S,5.9,2.6,0:15.15,/usr/sbin/mysqld
2020-03-30 15:54:16,1438,mysql,20,0,3256056,217912,13784,S,16.7,2.7,0:19.18,/usr/sbin/mysqld
2020-03-30 15:55:18,1438,mysql,20,0,3256056,225036,13792,S,0.0,2.8,0:21.63,/usr/sbin/mysqld
2020-03-30 15:56:19,1438,mysql,20,0,3256056,229524,13808,S,0.0,2.9,0:23.76,/usr/sbin/mysqld
2020-03-30 15:57:20,1438,mysql,20,0,3256056,232160,13824,S,11.8,2.9,0:26.10,/usr/sbin/mysqld
2020-03-30 15:58:21,1438,mysql,20,0,3256056,232424,13824,S,5.6,2.9,0:28.57,/usr/sbin/mysqld
2020-03-30 15:59:23,1438,mysql,20,0,3256056,236648,13824,S,5.9,3.0,0:31.01,/usr/sbin/mysqld
2020-03-30 16:00:25,1438,mysql,20,0,3256056,239020,13836,S,0.0,3.0,0:33.29,/usr/sbin/mysqld
2020-03-30 16:01:26,1438,mysql,20,0,3256056,239020,13836,S,0.0,3.0,0:35.66,/usr/sbin/mysqld
2020-03-30 16:02:26,1438,mysql,20,0,3256056,239284,13836,S,0.0,3.0,0:38.29,/usr/sbin/mysqld
2020-03-30 16:03:27,1438,mysql,20,0,3256056,239812,13836,S,0.0,3.0,0:40.50,/usr/sbin/mysqld
2020-03-30 16:04:29,1438,mysql,20,0,3256056,239812,13836,S,0.0,3.0,0:42.26,/usr/sbin/mysqld
2020-03-30 16:05:29,1438,mysql,20,0,3323092,350548,14092,S,0.0,4.4,0:48.15,/usr/sbin/mysqld
2020-03-30 16:06:30,1438,mysql,20,0,3323092,356612,14244,S,0.0,4.5,0:52.19,/usr/sbin/mysqld
2020-03-30 16:07:32,1438,mysql,20,0,3327292,365232,14424,S,0.0,4.6,0:56.17,/usr/sbin/mysqld
2020-03-30 16:08:32,1438,mysql,20,0,3327292,369692,14704,S,5.3,4.6,1:03.99,/usr/sbin/mysqld
2020-03-30 16:09:33,1438,mysql,20,0,3327292,373108,14704,S,0.0,4.7,1:09.55,/usr/sbin/mysqld
2020-03-30 16:10:34,1438,mysql,20,0,3327292,376796,14704,S,0.0,4.7,1:13.60,/usr/sbin/mysqld
2020-03-30 16:11:34,1438,mysql,20,0,3327292,381020,14704,S,0.0,4.8,1:15.80,/usr/sbin/mysqld
2020-03-30 16:12:35,1438,mysql,20,0,3327292,381812,14704,S,0.0,4.8,1:17.21,/usr/sbin/mysqld
2020-03-30 16:13:37,1438,mysql,20,0,3327292,384708,14704,S,0.0,4.8,1:19.47,/usr/sbin/mysqld
2020-03-30 16:14:37,1438,mysql,20,0,3327292,384972,14704,S,0.0,4.8,1:22.06,/usr/sbin/mysqld
2020-03-30 16:15:38,1438,mysql,20,0,3327292,386556,14704,S,0.0,4.8,1:24.33,/usr/sbin/mysqld
2020-03-30 16:16:39,1438,mysql,20,0,3327292,386556,14704,S,0.0,4.8,1:26.66,/usr/sbin/mysqld
2020-03-30 16:17:39,1438,mysql,20,0,3327292,387344,14720,S,0.0,4.8,1:29.59,/usr/sbin/mysqld
2020-03-30 16:18:40,1438,mysql,20,0,3327292,387872,14720,S,5.9,4.8,1:32.48,/usr/sbin/mysqld
2020-03-30 16:19:40,1438,mysql,20,0,3327292,390248,14740,S,0.0,4.9,1:35.39,/usr/sbin/mysqld
2020-03-30 16:20:41,1438,mysql,20,0,3327292,395200,14752,S,17.6,4.9,1:40.33,/usr/sbin/mysqld
2020-03-30 16:21:42,1438,mysql,20,0,3327292,395464,14752,S,0.0,4.9,1:42.87,/usr/sbin/mysqld
2020-03-30 16:22:42,1438,mysql,20,0,3327292,395724,14752,S,5.9,4.9,1:45.47,/usr/sbin/mysqld
2020-03-30 16:23:43,1438,mysql,20,0,3327292,397308,14752,S,0.0,5.0,1:48.33,/usr/sbin/mysqld
2020-03-30 16:24:44,1438,mysql,20,0,3327292,401264,14752,S,0.0,5.0,1:51.73,/usr/sbin/mysqld
2020-03-30 16:25:44,1438,mysql,20,0,3327292,401528,14760,S,0.0,5.0,1:53.05,/usr/sbin/mysqld
2020-03-30 16:26:45,1438,mysql,20,0,3327292,401528,14760,S,0.0,5.0,1:53.98,/usr/sbin/mysqld
2020-03-30 16:27:46,1438,mysql,20,0,3327292,401528,14760,S,5.9,5.0,1:54.85,/usr/sbin/mysqld
2020-03-30 16:28:46,1438,mysql,20,0,3327292,401528,14760,S,0.0,5.0,1:55.75,/usr/sbin/mysqld
2020-03-30 16:29:47,1438,mysql,20,0,3327292,401528,14760,S,0.0,5.0,1:56.79,/usr/sbin/mysqld
2020-03-30 16:30:48,1438,mysql,20,0,3327292,401528,14760,S,0.0,5.0,1:57.69,/usr/sbin/mysqld
2020-03-30 16:31:48,1438,mysql,20,0,3327292,401528,14760,S,0.0,5.0,1:58.60,/usr/sbin/mysqld
2020-03-30 16:32:49,1438,mysql,20,0,3327292,401528,14760,S,0.0,5.0,1:59.55,/usr/sbin/mysqld
2020-03-30 16:33:50,1438,mysql,20,0,3327292,401528,14760,S,0.0,5.0,2:00.51,/usr/sbin/mysqld
2020-03-30 16:34:50,1438,mysql,20,0,3327292,401528,14760,S,0.0,5.0,2:01.46,/usr/sbin/mysqld
2020-03-30 16:35:51,1438,mysql,20,0,3327292,401528,14760,S,0.0,5.0,2:02.39,/usr/sbin/mysqld
2020-03-30 16:36:52,1438,mysql,20,0,3327292,401528,14760,S,0.0,5.0,2:03.34,/usr/sbin/mysqld
2020-03-30 16:37:52,1438,mysql,20,0,3327292,401528,14760,S,0.0,5.0,2:04.25,/usr/sbin/mysqld
2020-03-30 16:38:53,1438,mysql,20,0,3327292,401528,14760,S,0.0,5.0,2:05.53,/usr/sbin/mysqld
2020-03-30 16:39:54,1438,mysql,20,0,3327292,401528,14760,S,11.8,5.0,2:06.45,/usr/sbin/mysqld
2020-03-30 16:40:54,1438,mysql,20,0,3327292,401528,14760,S,0.0,5.0,2:10.67,/usr/sbin/mysqld
2020-03-30 16:41:55,1438,mysql,20,0,3327292,412560,14760,S,0.0,5.2,2:51.01,/usr/sbin/mysqld
2020-03-30 16:42:56,1438,mysql,20,0,3327292,422336,14760,S,72.2,5.3,3:40.58,/usr/sbin/mysqld
2020-03-30 16:43:56,1438,mysql,20,0,3458364,652612,14760,S,131.6,8.1,4:57.11,/usr/sbin/mysqld
2020-03-30 16:44:58,1438,mysql,20,0,3460464,676592,14764,S,152.9,8.4,6:13.55,/usr/sbin/mysqld
2020-03-30 16:46:00,1438,mysql,20,0,3526900,806596,14764,S,138.9,10.1,7:39.04,/usr/sbin/mysqld
2020-03-30 16:47:01,1438,mysql,20,0,3526900,848088,14792,S,68.2,10.6,9:22.16,/usr/sbin/mysqld
2020-03-30 16:48:03,1438,mysql,20,0,3527200,871124,14792,S,21.1,10.9,10:49.72,/usr/sbin/mysqld
2020-03-30 16:49:05,1438,mysql,20,0,3527204,889076,14792,S,155.6,11.1,11:56.51,/usr/sbin/mysqld
2020-03-30 16:50:07,1438,mysql,20,0,3527204,906172,14792,S,90.9,11.3,13:30.60,/usr/sbin/mysqld
2020-03-30 16:51:08,1438,mysql,20,0,3527204,915156,14792,S,133.3,11.4,14:31.23,/usr/sbin/mysqld
2020-03-30 16:52:10,1438,mysql,20,0,3527204,929880,14792,S,131.6,11.6,15:26.17,/usr/sbin/mysqld
2020-03-30 16:53:10,1438,mysql,20,0,3527204,944060,14800,S,126.3,11.8,16:25.01,/usr/sbin/mysqld
2020-03-30 16:54:12,1438,mysql,20,0,3527204,952776,14800,S,168.4,11.9,17:23.44,/usr/sbin/mysqld
2020-03-30 16:55:13,1438,mysql,20,0,3527204,963076,14800,S,141.2,12.0,18:52.03,/usr/sbin/mysqld
2020-03-30 16:56:14,1438,mysql,20,0,3527204,973436,14800,S,133.3,12.2,20:07.13,/usr/sbin/mysqld
2020-03-30 16:57:15,1438,mysql,20,0,3527204,985840,14800,S,127.8,12.3,20:55.69,/usr/sbin/mysqld
2020-03-30 16:58:16,1438,mysql,20,0,3527204,1000345,14800,S,123.5,12.5,21:52.08,/usr/sbin/mysqld
2020-03-30 16:59:18,1438,mysql,20,0,3527204,1008537,14800,S,147.4,12.6,22:43.58,/usr/sbin/mysqld
2020-03-30 17:00:19,1438,mysql,20,0,3527204,1020108,14800,S,194.4,12.7,24:12.74,/usr/sbin/mysqld
2020-03-30 17:01:20,1438,mysql,20,0,3527204,1048576,14800,S,88.9,12.8,25:29.67,/usr/sbin/mysqld
2020-03-30 17:02:22,1438,mysql,20,0,3527204,1048576,14800,S,88.9,13.0,26:23.34,/usr/sbin/mysqld
2020-03-30 17:03:24,1438,mysql,20,0,3527204,1048576,14884,S,94.1,13.2,27:17.35,/usr/sbin/mysqld
2020-03-30 17:04:25,1438,mysql,20,0,3527204,1048576,14884,S,105.3,13.3,28:20.39,/usr/sbin/mysqld
2020-03-30 17:05:26,1438,mysql,20,0,3527204,1048576,14884,S,122.2,13.4,29:48.84,/usr/sbin/mysqld
2020-03-30 17:06:26,1438,mysql,20,0,3527204,1048576,14912,S,88.9,13.5,30:50.59,/usr/sbin/mysqld
2020-03-30 17:07:27,1438,mysql,20,0,3527204,1048576,14912,S,70.6,13.6,31:44.62,/usr/sbin/mysqld
2020-03-30 17:08:28,1438,mysql,20,0,3527204,1153433,14912,S,73.7,13.8,32:39.87,/usr/sbin/mysqld
2020-03-30 17:09:28,1438,mysql,20,0,3527204,1153433,14912,S,120.0,13.9,33:38.91,/usr/sbin/mysqld
2020-03-30 17:10:29,1438,mysql,20,0,3527204,1153433,14916,S,127.8,14.0,35:02.22,/usr/sbin/mysqld
2020-03-30 17:11:30,1438,mysql,20,0,3527204,1153433,14916,S,88.2,14.1,36:11.76,/usr/sbin/mysqld
2020-03-30 17:12:31,1438,mysql,20,0,3527204,1153433,14916,S,77.8,14.2,37:07.94,/usr/sbin/mysqld
2020-03-30 17:13:32,1438,mysql,20,0,3527204,1153433,14916,S,82.4,14.3,38:03.12,/usr/sbin/mysqld
2020-03-30 17:14:32,1438,mysql,20,0,3527204,1153433,14916,S,127.8,14.4,39:14.50,/usr/sbin/mysqld
2020-03-30 17:15:34,1438,mysql,20,0,3527204,1153433,14916,S,123.5,14.5,40:41.31,/usr/sbin/mysqld
2020-03-30 17:16:35,1438,mysql,20,0,3527204,1153433,14916,S,72.2,14.6,41:37.99,/usr/sbin/mysqld
2020-03-30 17:17:35,1438,mysql,20,0,3527204,1153433,14916,S,23.5,14.7,42:32.73,/usr/sbin/mysqld
2020-03-30 17:18:36,1438,mysql,20,0,3527204,1153433,14916,S,66.7,14.9,43:28.49,/usr/sbin/mysqld
2020-03-30 17:19:38,1438,mysql,20,0,3527204,1153433,14916,S,129.4,15.0,44:38.43,/usr/sbin/mysqld
2020-03-30 17:20:39,1438,mysql,20,0,3527204,1153433,14916,S,38.9,15.0,46:01.63,/usr/sbin/mysqld
2020-03-30 17:21:40,1438,mysql,20,0,3527204,1258291,14916,S,70.6,15.2,46:56.09,/usr/sbin/mysqld
2020-03-30 17:22:41,1438,mysql,20,0,3527204,1258291,14916,S,72.2,15.3,47:48.83,/usr/sbin/mysqld
2020-03-30 17:23:42,1438,mysql,20,0,3527204,1258291,14952,S,76.5,15.4,48:39.49,/usr/sbin/mysqld
2020-03-30 17:24:43,1438,mysql,20,0,3527204,1258291,14952,S,127.8,15.5,49:50.35,/usr/sbin/mysqld
2020-03-30 17:25:43,1438,mysql,20,0,3527204,1258291,14952,S,82.4,15.6,51:06.10,/usr/sbin/mysqld
2020-03-30 17:26:44,1438,mysql,20,0,3527204,1258291,14952,S,72.2,15.7,51:58.08,/usr/sbin/mysqld
2020-03-30 17:27:45,1438,mysql,20,0,3527204,1258291,14952,S,66.7,15.8,52:50.73,/usr/sbin/mysqld
2020-03-30 17:28:47,1438,mysql,20,0,3527204,1258291,14960,S,77.8,15.9,53:43.66,/usr/sbin/mysqld
2020-03-30 17:29:47,1438,mysql,20,0,3527204,1258291,14960,S,131.6,15.9,54:57.74,/usr/sbin/mysqld
2020-03-30 17:30:48,1438,mysql,20,0,3527204,1258291,14960,S,76.5,16.0,56:11.75,/usr/sbin/mysqld
2020-03-30 17:31:49,1438,mysql,20,0,3527204,1258291,14960,S,0.0,16.1,57:04.31,/usr/sbin/mysqld
2020-03-30 17:32:50,1438,mysql,20,0,3527204,1258291,14960,S,77.8,16.1,57:59.14,/usr/sbin/mysqld
2020-03-30 17:33:51,1438,mysql,20,0,3527204,1258291,14960,S,76.5,16.1,58:52.47,/usr/sbin/mysqld
2020-03-30 17:34:52,1438,mysql,20,0,3527204,1258291,14960,S,145.0,16.1,60:11.70,/usr/sbin/mysqld
2020-03-30 17:35:53,1438,mysql,20,0,3527204,1258291,14960,S,0.0,16.1,61:19.71,/usr/sbin/mysqld
2020-03-30 17:36:54,1438,mysql,20,0,3527204,1258291,14960,S,72.2,16.1,62:14.03,/usr/sbin/mysqld
2020-03-30 17:37:55,1438,mysql,20,0,3527204,1258291,14960,S,77.8,16.1,63:08.85,/usr/sbin/mysqld
2020-03-30 17:38:57,1438,mysql,20,0,3527204,1258291,14960,S,66.7,16.1,64:01.44,/usr/sbin/mysqld
2020-03-30 17:39:58,1438,mysql,20,0,3527204,1258291,14960,S,122.2,16.1,65:24.67,/usr/sbin/mysqld
2020-03-30 17:40:59,1438,mysql,20,0,3527204,1258291,14960,S,84.2,16.1,66:26.57,/usr/sbin/mysqld
2020-03-30 17:42:00,1438,mysql,20,0,3527204,1258291,14960,S,72.2,16.1,67:20.95,/usr/sbin/mysqld
2020-03-30 17:43:01,1438,mysql,20,0,3527204,1258291,14960,S,22.2,16.1,68:19.44,/usr/sbin/mysqld
2020-03-30 17:44:02,1438,mysql,20,0,3527204,1258291,14960,S,123.5,15.8,69:13.59,/usr/sbin/mysqld
2020-03-30 17:45:04,1438,mysql,20,0,3527204,1258291,14960,S,155.6,15.8,70:41.26,/usr/sbin/mysqld
2020-03-30 17:46:06,1438,mysql,20,0,3527204,1258291,14960,S,163.2,15.8,71:38.73,/usr/sbin/mysqld
2020-03-30 17:47:07,1438,mysql,20,0,3527204,1258291,14960,S,5.9,15.8,72:30.85,/usr/sbin/mysqld
2020-03-30 17:48:09,1438,mysql,20,0,3527204,1258291,14960,S,147.1,15.8,73:20.79,/usr/sbin/mysqld
2020-03-30 17:49:10,1438,mysql,20,0,3527204,1258291,14960,S,142.1,15.8,74:09.09,/usr/sbin/mysqld
2020-03-30 17:50:11,1438,mysql,20,0,3527204,1258291,14960,S,173.7,15.9,75:29.75,/usr/sbin/mysqld
2020-03-30 17:51:13,1438,mysql,20,0,3527204,1258291,14960,S,88.9,15.9,76:28.81,/usr/sbin/mysqld
2020-03-30 17:52:14,1438,mysql,20,0,3527204,1258291,14960,S,135.3,15.9,77:22.21,/usr/sbin/mysqld
2020-03-30 17:53:16,1438,mysql,20,0,3527204,1258291,14960,S,11.8,15.9,78:10.56,/usr/sbin/mysqld
2020-03-30 17:54:18,1438,mysql,20,0,3527204,1258291,14960,S,133.3,15.9,79:04.43,/usr/sbin/mysqld
2020-03-30 17:55:19,1438,mysql,20,0,3527204,1258291,14960,S,73.7,15.9,80:30.27,/usr/sbin/mysqld
2020-03-30 17:56:19,1438,mysql,20,0,3527204,1258291,14960,S,105.0,15.9,81:29.10,/usr/sbin/mysqld
2020-03-30 17:57:21,1438,mysql,20,0,3527204,1258291,14960,S,110.0,15.9,82:23.39,/usr/sbin/mysqld
2020-03-30 17:58:22,1438,mysql,20,0,3527204,1258291,14960,S,83.3,15.9,83:18.34,/usr/sbin/mysqld
2020-03-30 17:59:24,1438,mysql,20,0,3527204,1258291,14960,S,135.0,15.9,84:11.45,/usr/sbin/mysqld
2020-03-30 18:00:25,1438,mysql,20,0,3527204,1258291,14960,S,94.4,15.9,85:39.35,/usr/sbin/mysqld
2020-03-30 18:01:26,1438,mysql,20,0,3527204,1258291,14960,S,77.8,15.9,86:35.56,/usr/sbin/mysqld
2020-03-30 18:02:27,1438,mysql,20,0,3527204,1258291,14960,S,83.3,15.9,87:33.31,/usr/sbin/mysqld
2020-03-30 18:03:29,1438,mysql,20,0,3527204,1258291,14960,S,55.6,15.9,88:25.62,/usr/sbin/mysqld
2020-03-30 18:04:30,1438,mysql,20,0,3527204,1258291,14960,S,150.0,15.9,89:26.37,/usr/sbin/mysqld
2020-03-30 18:05:30,1438,mysql,20,0,3527204,1258291,14960,S,126.3,15.9,90:48.71,/usr/sbin/mysqld
2020-03-30 18:06:31,1438,mysql,20,0,3527204,1258291,14960,S,61.1,15.9,91:45.08,/usr/sbin/mysqld
2020-03-30 18:07:33,1438,mysql,20,0,3527204,1258291,14960,S,82.4,15.9,92:36.92,/usr/sbin/mysqld
2020-03-30 18:08:34,1438,mysql,20,0,3527204,1258291,14960,S,11.8,15.9,93:28.19,/usr/sbin/mysqld
2020-03-30 18:09:34,1438,mysql,20,0,3527204,1258291,14956,S,127.8,15.9,94:35.62,/usr/sbin/mysqld
2020-03-30 18:10:36,1438,mysql,20,0,3527204,1258291,14956,S,76.5,15.9,95:48.88,/usr/sbin/mysqld
2020-03-30 18:11:37,1438,mysql,20,0,3527204,1258291,14956,S,77.8,15.9,96:40.74,/usr/sbin/mysqld
2020-03-30 18:12:38,1438,mysql,20,0,3527204,1258291,14956,S,72.2,15.9,97:33.76,/usr/sbin/mysqld
2020-03-30 18:13:38,1438,mysql,20,0,3527204,1258291,15016,S,176.5,15.9,98:24.27,/usr/sbin/mysqld
2020-03-30 18:14:40,1438,mysql,20,0,3527204,1258291,15016,S,122.2,15.9,99:35.59,/usr/sbin/mysqld
2020-03-30 18:15:42,1438,mysql,20,0,3592740,1258291,15024,S,150.0,15.9,100:43.69,/usr/sbin/mysqld
2020-03-30 18:16:42,1438,mysql,20,0,3592740,1258291,15024,S,88.9,16.0,101:34.92,/usr/sbin/mysqld
2020-03-30 18:17:44,1438,mysql,20,0,3592740,1258291,15024,S,64.7,16.0,102:38.25,/usr/sbin/mysqld
2020-03-30 18:18:45,1438,mysql,20,0,3592740,1258291,15024,S,94.4,16.0,103:44.10,/usr/sbin/mysqld
2020-03-30 18:19:46,1438,mysql,20,0,3592740,1258291,15024,S,222.2,16.0,105:01.06,/usr/sbin/mysqld
2020-03-30 18:20:46,1438,mysql,20,0,3592740,1258291,15024,S,147.1,16.0,107:01.83,/usr/sbin/mysqld
2020-03-30 18:21:48,1438,mysql,20,0,3592740,1258291,15024,S,158.8,16.0,108:51.23,/usr/sbin/mysqld
2020-03-30 18:22:50,1438,mysql,20,0,3592740,1258291,15024,S,177.8,16.0,110:36.62,/usr/sbin/mysqld
2020-03-30 18:23:50,1438,mysql,20,0,3592740,1258291,15024,S,111.8,16.1,112:04.62,/usr/sbin/mysqld
2020-03-30 18:24:52,1438,mysql,20,0,3592740,1258291,15028,S,105.9,16.1,113:36.26,/usr/sbin/mysqld
2020-03-30 18:25:53,1438,mysql,20,0,3592740,1258291,15028,S,64.7,16.2,115:01.37,/usr/sbin/mysqld
2020-03-30 18:26:54,1438,mysql,20,0,3592740,1258291,15028,S,76.5,16.2,115:53.99,/usr/sbin/mysqld
2020-03-30 18:27:54,1438,mysql,20,0,3592740,1258291,15028,S,44.4,16.2,116:44.35,/usr/sbin/mysqld
2020-03-30 18:28:55,1438,mysql,20,0,3592740,1258291,15028,S,88.9,16.2,117:34.57,/usr/sbin/mysqld
2020-03-30 18:29:56,1438,mysql,20,0,3592740,1258291,15028,S,77.8,16.1,119:03.05,/usr/sbin/mysqld
2020-03-30 18:30:57,1438,mysql,20,0,3592740,1258291,15028,S,144.4,16.1,120:35.97,/usr/sbin/mysqld
2020-03-30 18:31:57,1438,mysql,20,0,3592740,1258291,15028,S,83.3,16.3,121:31.57,/usr/sbin/mysqld
2020-03-30 18:32:59,1438,mysql,20,0,3592740,1258291,15028,S,70.0,16.3,122:22.77,/usr/sbin/mysqld
2020-03-30 18:34:01,1438,mysql,20,0,3592740,1258291,15028,S,75.0,16.3,123:22.53,/usr/sbin/mysqld
2020-03-30 18:35:03,1438,mysql,20,0,3592740,1258291,15028,S,66.7,16.3,124:44.13,/usr/sbin/mysqld
2020-03-30 18:36:04,1438,mysql,20,0,3592740,1258291,15028,S,123.8,16.3,126:03.41,/usr/sbin/mysqld
2020-03-30 18:37:05,1438,mysql,20,0,3592740,1258291,15028,S,135.3,16.3,126:55.70,/usr/sbin/mysqld
2020-03-30 18:38:07,1438,mysql,20,0,3592740,1258291,15028,S,109.5,16.3,127:58.95,/usr/sbin/mysqld
2020-03-30 18:39:08,1438,mysql,20,0,3592740,1258291,12452,S,205.6,16.3,129:02.85,/usr/sbin/mysqld
2020-03-30 18:40:10,1438,mysql,20,0,3592740,1258291,12452,S,172.2,16.3,130:25.08,/usr/sbin/mysqld
2020-03-30 18:41:10,1438,mysql,20,0,3592740,1258291,12452,S,138.9,16.3,131:37.42,/usr/sbin/mysqld
2020-03-30 18:42:12,1438,mysql,20,0,3592740,1258291,12452,S,133.3,16.3,132:38.95,/usr/sbin/mysqld
2020-03-30 18:43:14,1438,mysql,20,0,3592740,1258291,9984,S,127.8,16.3,133:28.10,/usr/sbin/mysqld
2020-03-30 18:44:15,1438,mysql,20,0,3592740,1258291,9228,S,177.8,16.3,134:33.64,/usr/sbin/mysqld
2020-03-30 18:45:17,1438,mysql,20,0,3592740,1258291,9008,S,111.1,16.3,136:04.94,/usr/sbin/mysqld
2020-03-30 18:46:17,1438,mysql,20,0,3592740,1258291,9008,S,121.1,16.3,137:06.24,/usr/sbin/mysqld
2020-03-30 18:47:19,1438,mysql,20,0,3592740,1363148,9008,S,110.0,16.4,137:58.66,/usr/sbin/mysqld
2020-03-30 18:48:20,1438,mysql,20,0,3592740,1363148,9008,S,122.2,16.4,138:56.08,/usr/sbin/mysqld
2020-03-30 18:49:22,1438,mysql,20,0,3592740,1363148,9008,S,122.2,16.4,139:52.90,/usr/sbin/mysqld
2020-03-30 18:50:22,1438,mysql,20,0,3592740,1363148,9008,S,158.8,16.4,141:18.11,/usr/sbin/mysqld
2020-03-30 18:51:23,1438,mysql,20,0,3592740,1363148,9008,S,10.5,16.4,142:12.71,/usr/sbin/mysqld
2020-03-30 18:52:25,1438,mysql,20,0,3592740,1363148,9008,S,88.9,16.4,143:06.61,/usr/sbin/mysqld
2020-03-30 18:53:26,1438,mysql,20,0,3592740,1363148,9008,S,88.2,16.4,143:58.97,/usr/sbin/mysqld
2020-03-30 18:54:28,1438,mysql,20,0,3592740,1363148,9008,S,126.3,16.4,145:00.14,/usr/sbin/mysqld
2020-03-30 18:55:28,1438,mysql,20,0,3592740,1363148,8996,S,76.5,16.4,146:20.00,/usr/sbin/mysqld
2020-03-30 18:56:29,1438,mysql,20,0,3592740,1363148,8996,S,70.6,16.4,147:12.01,/usr/sbin/mysqld
2020-03-30 18:57:30,1438,mysql,20,0,3592740,1363148,8996,S,77.8,16.4,148:02.99,/usr/sbin/mysqld
2020-03-30 18:58:31,1438,mysql,20,0,3592740,1363148,8996,S,72.2,16.4,148:54.94,/usr/sbin/mysqld
2020-03-30 18:59:31,1438,mysql,20,0,3592740,1363148,8996,S,72.2,16.4,149:51.72,/usr/sbin/mysqld
2020-03-30 19:00:32,1438,mysql,20,0,3592740,1363148,8996,S,135.3,16.4,151:17.87,/usr/sbin/mysqld
2020-03-30 19:01:33,1438,mysql,20,0,3592740,1363148,8996,S,52.9,16.4,152:10.85,/usr/sbin/mysqld
2020-03-30 19:02:34,1438,mysql,20,0,3592740,1363148,8996,S,77.8,16.4,153:02.89,/usr/sbin/mysqld
2020-03-30 19:03:35,1438,mysql,20,0,3592740,1258291,8996,S,77.8,16.3,153:56.33,/usr/sbin/mysqld
2020-03-30 19:04:37,1438,mysql,20,0,3592740,1258291,8996,S,77.8,16.3,155:02.14,/usr/sbin/mysqld
2020-03-30 19:05:38,1438,mysql,20,0,3592740,1258291,8972,S,77.8,16.3,156:16.12,/usr/sbin/mysqld
2020-03-30 19:06:38,1438,mysql,20,0,3592740,1258291,8972,S,76.5,16.3,157:09.37,/usr/sbin/mysqld
2020-03-30 19:07:39,1438,mysql,20,0,3592740,1258291,8972,S,0.0,16.3,158:00.92,/usr/sbin/mysqld
2020-03-30 19:08:40,1438,mysql,20,0,3592740,1258291,8972,S,47.1,16.3,158:53.85,/usr/sbin/mysqld
2020-03-30 19:09:40,1438,mysql,20,0,3592740,1258291,8972,S,133.3,16.3,160:02.95,/usr/sbin/mysqld
2020-03-30 19:10:41,1438,mysql,20,0,3592740,1258291,8972,S,72.2,16.3,161:18.95,/usr/sbin/mysqld
2020-03-30 19:11:43,1438,mysql,20,0,3592740,1258291,8972,S,77.8,16.3,162:11.80,/usr/sbin/mysqld
2020-03-30 19:12:45,1438,mysql,20,0,3592740,1258291,8972,S,23.5,16.3,163:03.27,/usr/sbin/mysqld
2020-03-30 19:13:45,1438,mysql,20,0,3592740,1258291,8972,S,83.3,16.3,163:55.21,/usr/sbin/mysqld
2020-03-30 19:14:46,1438,mysql,20,0,3592740,1258291,8972,S,144.4,16.3,165:05.93,/usr/sbin/mysqld
2020-03-30 19:15:47,1438,mysql,20,0,3592740,1258291,8972,S,66.7,16.3,166:15.05,/usr/sbin/mysqld
2020-03-30 19:16:47,1438,mysql,20,0,3592740,1258291,8972,S,76.5,16.3,167:07.21,/usr/sbin/mysqld
2020-03-30 19:17:48,1438,mysql,20,0,3592740,1258291,8972,S,29.4,16.3,167:59.85,/usr/sbin/mysqld
2020-03-30 19:18:49,1438,mysql,20,0,3592740,1258291,8972,S,44.4,16.3,168:51.87,/usr/sbin/mysqld
2020-03-30 19:19:50,1438,mysql,20,0,3592740,1258291,8972,S,89.5,16.3,170:02.54,/usr/sbin/mysqld
2020-03-30 19:20:50,1438,mysql,20,0,3592740,1258291,8972,S,35.3,16.3,171:10.18,/usr/sbin/mysqld
2020-03-30 19:21:51,1438,mysql,20,0,3592740,1258291,8972,S,68.4,16.3,172:03.94,/usr/sbin/mysqld
2020-03-30 19:22:53,1438,mysql,20,0,3592740,1258291,8972,S,27.8,16.3,172:57.57,/usr/sbin/mysqld
2020-03-30 19:23:53,1438,mysql,20,0,3592740,1258291,8972,S,72.2,16.3,173:52.44,/usr/sbin/mysqld
2020-03-30 19:24:54,1438,mysql,20,0,3592740,1258291,8972,S,141.2,16.3,175:07.77,/usr/sbin/mysqld
2020-03-30 19:25:55,1438,mysql,20,0,3592740,1258291,8972,S,73.7,16.3,176:16.88,/usr/sbin/mysqld
2020-03-30 19:26:56,1438,mysql,20,0,3592740,1258291,8972,S,16.7,16.3,177:11.23,/usr/sbin/mysqld
2020-03-30 19:27:57,1438,mysql,20,0,3592740,1258291,8972,S,72.2,16.3,178:00.99,/usr/sbin/mysqld
2020-03-30 19:28:57,1438,mysql,20,0,3592740,1258291,8972,S,55.6,16.3,178:55.60,/usr/sbin/mysqld
2020-03-30 19:29:59,1438,mysql,20,0,3592740,1258291,8972,S,33.3,16.3,180:16.32,/usr/sbin/mysqld
2020-03-30 19:31:00,1438,mysql,20,0,3592740,1258291,8972,S,100.0,16.3,181:24.22,/usr/sbin/mysqld
2020-03-30 19:32:00,1438,mysql,20,0,3592740,1258291,8972,S,75.0,16.3,182:18.14,/usr/sbin/mysqld
2020-03-30 19:33:01,1438,mysql,20,0,3592740,1258291,8972,S,11.1,16.3,183:13.11,/usr/sbin/mysqld
2020-03-30 19:34:03,1438,mysql,20,0,3592740,1258291,8880,S,0.0,16.3,184:02.08,/usr/sbin/mysqld
2020-03-30 19:35:05,1438,mysql,20,0,3592740,1258291,8864,S,122.2,16.3,185:28.25,/usr/sbin/mysqld
2020-03-30 19:36:07,1438,mysql,20,0,3592740,1258291,8864,S,141.2,16.3,186:36.10,/usr/sbin/mysqld
2020-03-30 19:37:08,1438,mysql,20,0,3592740,1258291,8864,S,127.8,16.3,187:31.61,/usr/sbin/mysqld
2020-03-30 19:38:08,1438,mysql,20,0,3592740,1258291,8864,S,138.9,16.3,188:25.24,/usr/sbin/mysqld
2020-03-30 19:39:09,1438,mysql,20,0,3592740,1258291,8828,S,126.3,16.3,189:12.78,/usr/sbin/mysqld
2020-03-30 19:40:11,1438,mysql,20,0,3592740,1258291,8828,S,126.3,16.3,190:35.24,/usr/sbin/mysqld
2020-03-30 19:41:13,1438,mysql,20,0,3592740,1258291,8832,S,64.7,16.3,191:34.30,/usr/sbin/mysqld
2020-03-30 19:42:15,1438,mysql,20,0,3592740,1258291,8832,S,116.7,16.3,192:22.59,/usr/sbin/mysqld
2020-03-30 19:43:15,1438,mysql,20,0,3592740,1258291,8832,S,122.2,16.3,193:15.15,/usr/sbin/mysqld
2020-03-30 19:44:16,1438,mysql,20,0,3592740,1258291,8832,S,145.0,16.3,194:16.44,/usr/sbin/mysqld
2020-03-30 19:45:17,1438,mysql,20,0,3592740,1258291,8832,S,141.2,16.3,195:46.83,/usr/sbin/mysqld
2020-03-30 19:46:19,1438,mysql,20,0,3592740,1258291,8832,S,125.0,16.3,196:41.81,/usr/sbin/mysqld
2020-03-30 19:47:20,1438,mysql,20,0,3592740,1258291,8832,S,138.9,16.3,197:36.22,/usr/sbin/mysqld
2020-03-30 19:48:22,1438,mysql,20,0,3592740,1258291,8832,S,76.2,16.3,198:33.02,/usr/sbin/mysqld
2020-03-30 19:49:23,1438,mysql,20,0,3592740,1258291,8832,S,138.9,16.3,199:33.37,/usr/sbin/mysqld
2020-03-30 19:50:23,1438,mysql,20,0,3592740,1258291,8832,S,5.6,16.3,200:59.84,/usr/sbin/mysqld
2020-03-30 19:51:25,1438,mysql,20,0,3592740,1258291,8832,S,88.9,16.3,201:56.08,/usr/sbin/mysqld
2020-03-30 19:52:26,1438,mysql,20,0,3592740,1258291,8832,S,133.3,16.3,202:51.47,/usr/sbin/mysqld
2020-03-30 19:53:27,1438,mysql,20,0,3592740,1258291,8832,S,66.7,16.3,203:46.55,/usr/sbin/mysqld
2020-03-30 19:54:28,1438,mysql,20,0,3592740,1258291,8832,S,73.7,16.3,204:49.91,/usr/sbin/mysqld
2020-03-30 19:55:29,1438,mysql,20,0,3592740,1258291,8828,S,72.2,16.3,206:12.15,/usr/sbin/mysqld
2020-03-30 19:56:30,1438,mysql,20,0,3592740,1258291,8828,S,35.3,16.3,207:06.46,/usr/sbin/mysqld
2020-03-30 19:57:32,1438,mysql,20,0,3592740,1258291,8828,S,88.9,16.3,208:00.13,/usr/sbin/mysqld
2020-03-30 19:58:32,1438,mysql,20,0,3592740,1258291,8828,S,72.2,16.3,208:56.23,/usr/sbin/mysqld
2020-03-30 19:59:33,1438,mysql,20,0,3592740,1258291,8828,S,61.1,16.3,209:57.32,/usr/sbin/mysqld
2020-03-30 20:00:34,1438,mysql,20,0,3592740,1258291,8828,S,205.6,16.3,211:19.85,/usr/sbin/mysqld
2020-03-30 20:01:35,1438,mysql,20,0,3592740,1258291,8828,S,83.3,16.3,212:16.54,/usr/sbin/mysqld
2020-03-30 20:02:36,1438,mysql,20,0,3592740,1258291,8948,S,11.8,16.3,213:12.40,/usr/sbin/mysqld
2020-03-30 20:03:37,1438,mysql,20,0,3592740,1258291,8920,S,88.2,16.3,214:07.12,/usr/sbin/mysqld
2020-03-30 20:04:38,1438,mysql,20,0,3592740,1258291,8916,S,110.5,16.3,215:14.05,/usr/sbin/mysqld
2020-03-30 20:05:39,1438,mysql,20,0,3592740,1258291,8940,S,22.2,16.3,216:33.16,/usr/sbin/mysqld
2020-03-30 20:06:39,1438,mysql,20,0,3592740,1258291,8940,S,88.9,16.3,217:28.49,/usr/sbin/mysqld
2020-03-30 20:07:41,1438,mysql,20,0,3592740,1258291,8940,S,70.6,16.3,218:22.41,/usr/sbin/mysqld
2020-03-30 20:08:42,1438,mysql,20,0,3592740,1258291,8940,S,66.7,16.3,219:17.51,/usr/sbin/mysqld
2020-03-30 20:09:42,1438,mysql,20,0,3592740,1258291,8940,S,133.3,16.3,220:28.44,/usr/sbin/mysqld
2020-03-30 20:10:43,1438,mysql,20,0,3592740,1258291,8940,S,11.8,16.3,221:40.81,/usr/sbin/mysqld
2020-03-30 20:11:45,1438,mysql,20,0,3592740,1258291,8940,S,35.3,16.3,222:37.13,/usr/sbin/mysqld
2020-03-30 20:12:46,1438,mysql,20,0,3592740,1258291,8940,S,61.1,16.3,223:31.01,/usr/sbin/mysqld
2020-03-30 20:13:46,1438,mysql,20,0,3592740,1258291,8936,S,11.1,16.2,224:28.37,/usr/sbin/mysqld
2020-03-30 20:14:47,1438,mysql,20,0,3592740,1258291,8936,S,133.3,16.3,225:38.09,/usr/sbin/mysqld
2020-03-30 20:15:48,1438,mysql,20,0,3592740,1258291,8936,S,84.2,16.3,226:48.47,/usr/sbin/mysqld
2020-03-30 20:16:48,1438,mysql,20,0,3592740,1258291,8936,S,82.4,16.3,227:44.04,/usr/sbin/mysqld
2020-03-30 20:17:49,1438,mysql,20,0,3592740,1258291,8924,S,44.4,16.2,228:40.88,/usr/sbin/mysqld
2020-03-30 20:18:50,1438,mysql,20,0,3592740,1258291,8924,S,76.5,16.3,229:40.13,/usr/sbin/mysqld
2020-03-30 20:19:50,1438,mysql,20,0,3592740,1258291,8924,S,100.0,16.3,230:53.82,/usr/sbin/mysqld
2020-03-30 20:20:51,1438,mysql,20,0,3592740,1258291,8924,S,72.2,16.3,232:03.59,/usr/sbin/mysqld
2020-03-30 20:21:52,1438,mysql,20,0,3592740,1258291,8924,S,22.2,16.3,232:57.18,/usr/sbin/mysqld
2020-03-30 20:22:54,1438,mysql,20,0,3592740,1258291,8924,S,84.2,16.3,233:51.83,/usr/sbin/mysqld
2020-03-30 20:23:54,1438,mysql,20,0,3592740,1258291,8924,S,66.7,16.3,234:46.74,/usr/sbin/mysqld
2020-03-30 20:24:55,1438,mysql,20,0,3592740,1258291,8924,S,77.8,16.3,236:01.15,/usr/sbin/mysqld
2020-03-30 20:25:56,1438,mysql,20,0,3592740,1258291,8924,S,61.1,16.2,237:03.60,/usr/sbin/mysqld
2020-03-30 20:26:57,1438,mysql,20,0,3592740,1258291,8924,S,77.8,16.2,237:57.89,/usr/sbin/mysqld
2020-03-30 20:27:58,1438,mysql,20,0,3592740,1258291,8924,S,61.1,16.2,238:53.27,/usr/sbin/mysqld
2020-03-30 20:28:59,1438,mysql,20,0,3592740,1258291,8924,S,55.6,16.2,239:48.19,/usr/sbin/mysqld
2020-03-30 20:30:00,1438,mysql,20,0,3592740,1258291,8924,S,147.4,16.2,241:07.76,/usr/sbin/mysqld
2020-03-30 20:31:00,1438,mysql,20,0,3592740,1258291,8924,S,21.7,16.2,242:19.14,/usr/sbin/mysqld
2020-03-30 20:32:03,1438,mysql,20,0,3592740,1258291,8924,S,17.6,16.2,243:13.56,/usr/sbin/mysqld
2020-03-30 20:33:04,1438,mysql,20,0,3592740,1258291,8904,S,100.0,16.2,244:04.42,/usr/sbin/mysqld
2020-03-30 20:34:06,1438,mysql,20,0,3592740,1258291,8904,S,126.3,16.2,244:54.71,/usr/sbin/mysqld
2020-03-30 20:35:06,1438,mysql,20,0,3592740,1258291,8904,S,152.6,16.2,246:21.91,/usr/sbin/mysqld
2020-03-30 20:36:08,1438,mysql,20,0,3592740,1258291,8904,S,121.1,16.2,247:16.71,/usr/sbin/mysqld
2020-03-30 20:37:10,1438,mysql,20,0,3592740,1258291,8904,S,38.9,16.2,248:09.19,/usr/sbin/mysqld
2020-03-30 20:38:11,1438,mysql,20,0,3592740,1258291,8904,S,133.3,16.2,249:02.04,/usr/sbin/mysqld
2020-03-30 20:39:13,1438,mysql,20,0,3592740,1258291,8904,S,127.8,16.2,249:58.53,/usr/sbin/mysqld
2020-03-30 20:40:14,1438,mysql,20,0,3592740,1258291,8904,S,188.9,16.2,251:20.56,/usr/sbin/mysqld
2020-03-30 20:41:14,1438,mysql,20,0,3592740,1258291,8904,S,105.6,16.2,252:20.11,/usr/sbin/mysqld
2020-03-30 20:42:15,1438,mysql,20,0,3592740,1258291,8904,S,136.8,16.2,253:16.36,/usr/sbin/mysqld
2020-03-30 20:43:17,1438,mysql,20,0,3592740,1258291,8904,S,33.3,16.2,254:13.04,/usr/sbin/mysqld
2020-03-30 20:44:19,1438,mysql,20,0,3592740,1258291,8904,S,126.3,16.2,255:17.86,/usr/sbin/mysqld
2020-03-30 20:45:21,1438,mysql,20,0,3592740,1258291,8904,S,100.0,16.2,256:44.65,/usr/sbin/mysqld
2020-03-30 20:46:22,1438,mysql,20,0,3592740,1258291,8904,S,94.1,16.2,257:39.59,/usr/sbin/mysqld
2020-03-30 20:47:24,1438,mysql,20,0,3592740,1258291,8904,S,77.8,16.2,258:34.06,/usr/sbin/mysqld
2020-03-30 20:48:26,1438,mysql,20,0,3592740,1258291,8904,S,94.4,16.2,259:28.71,/usr/sbin/mysqld
2020-03-30 20:49:27,1438,mysql,20,0,3592740,1258291,8904,S,73.7,16.2,260:22.97,/usr/sbin/mysqld
2020-03-30 20:50:28,1438,mysql,20,0,3592740,1258291,8904,S,84.2,16.2,261:16.70,/usr/sbin/mysqld
2020-03-30 20:51:28,1438,mysql,20,0,3592740,1258291,8904,S,88.9,16.2,262:11.99,/usr/sbin/mysqld
2020-03-30 20:52:29,1438,mysql,20,0,3592740,1258291,8904,S,88.9,16.2,263:07.48,/usr/sbin/mysqld
2020-03-30 20:53:31,1438,mysql,20,0,3592740,1258291,8904,S,55.6,16.2,264:02.60,/usr/sbin/mysqld
2020-03-30 20:54:32,1438,mysql,20,0,3592740,1258291,8892,S,77.8,16.2,265:00.51,/usr/sbin/mysqld
2020-03-30 20:55:32,1438,mysql,20,0,3592740,1258291,8892,S,66.7,16.2,265:52.34,/usr/sbin/mysqld
2020-03-30 20:56:33,1438,mysql,20,0,3592740,1258291,8892,S,70.6,16.2,266:45.27,/usr/sbin/mysqld
2020-03-30 20:57:34,1438,mysql,20,0,3592740,1258291,8892,S,66.7,16.2,267:35.60,/usr/sbin/mysqld
2020-03-30 20:58:34,1438,mysql,20,0,3592740,1258291,8892,S,17.6,16.2,268:27.97,/usr/sbin/mysqld
2020-03-30 20:59:35,1438,mysql,20,0,3592740,1258291,8892,S,83.3,16.2,269:23.30,/usr/sbin/mysqld
2020-03-30 21:00:37,1438,mysql,20,0,3592740,1258291,8892,S,61.1,16.2,270:24.84,/usr/sbin/mysqld
2020-03-30 21:01:37,1438,mysql,20,0,3592740,1258291,8892,S,84.2,16.2,271:22.77,/usr/sbin/mysqld
2020-03-30 21:02:38,1438,mysql,20,0,3592740,1258291,8892,S,55.6,16.2,272:18.68,/usr/sbin/mysqld
2020-03-30 21:03:39,1438,mysql,20,0,3592740,1258291,8892,S,72.2,16.2,273:14.48,/usr/sbin/mysqld
2020-03-30 21:04:40,1438,mysql,20,0,3592740,1258291,8892,S,82.4,16.2,274:11.15,/usr/sbin/mysqld
2020-03-30 21:05:40,1438,mysql,20,0,3592740,1258291,8892,S,200.0,16.2,275:07.99,/usr/sbin/mysqld
2020-03-30 21:06:42,1438,mysql,20,0,3592740,1258291,8892,S,177.8,16.2,276:06.14,/usr/sbin/mysqld
2020-03-30 21:07:43,1438,mysql,20,0,3592740,1258291,8892,S,23.5,16.2,277:03.54,/usr/sbin/mysqld
2020-03-30 21:08:43,1438,mysql,20,0,3592740,1258291,8892,S,82.4,16.2,278:02.19,/usr/sbin/mysqld
2020-03-30 21:09:45,1438,mysql,20,0,3592740,1258291,8872,S,117.6,16.2,278:58.55,/usr/sbin/mysqld
2020-03-30 21:10:46,1438,mysql,20,0,3592740,1258291,8872,S,72.2,16.2,279:54.06,/usr/sbin/mysqld
2020-03-30 21:11:47,1438,mysql,20,0,3592740,1258291,8872,S,83.3,16.2,280:49.95,/usr/sbin/mysqld
2020-03-30 21:12:47,1438,mysql,20,0,3592740,1258291,8872,S,77.8,16.2,281:44.54,/usr/sbin/mysqld
2020-03-30 21:13:48,1438,mysql,20,0,3592740,1258291,8816,S,83.3,16.2,282:38.38,/usr/sbin/mysqld
2020-03-30 21:14:49,1438,mysql,20,0,3592740,1258291,8816,S,61.1,16.2,283:36.20,/usr/sbin/mysqld
2020-03-30 21:15:50,1438,mysql,20,0,3592740,1258291,8816,S,61.1,16.2,284:32.24,/usr/sbin/mysqld
2020-03-30 21:16:51,1438,mysql,20,0,3592740,1258291,8816,S,61.1,16.2,285:29.52,/usr/sbin/mysqld
2020-03-30 21:17:52,1438,mysql,20,0,3592740,1258291,8816,S,76.5,16.2,286:25.73,/usr/sbin/mysqld
2020-03-30 21:18:53,1438,mysql,20,0,3592740,1258291,8816,S,41.2,16.2,287:21.55,/usr/sbin/mysqld
2020-03-30 21:19:54,1438,mysql,20,0,3592740,1258291,8804,S,72.2,16.1,288:20.58,/usr/sbin/mysqld
2020-03-30 21:20:55,1438,mysql,20,0,3592740,1258291,8804,S,88.9,16.1,289:13.92,/usr/sbin/mysqld
2020-03-30 21:21:56,1438,mysql,20,0,3592740,1258291,8804,S,68.4,16.1,290:07.41,/usr/sbin/mysqld
2020-03-30 21:22:57,1438,mysql,20,0,3592740,1258291,8804,S,85.0,16.1,291:02.88,/usr/sbin/mysqld
2020-03-30 21:23:57,1438,mysql,20,0,3592740,1258291,8804,S,73.7,16.1,291:59.26,/usr/sbin/mysqld
2020-03-30 21:24:58,1438,mysql,20,0,3592740,1258291,8804,S,72.2,16.1,292:58.73,/usr/sbin/mysqld
2020-03-30 21:25:59,1438,mysql,20,0,3592740,1258291,8804,S,88.9,16.1,293:56.82,/usr/sbin/mysqld
2020-03-30 21:26:59,1438,mysql,20,0,3592740,1258291,8804,S,66.7,16.1,294:52.09,/usr/sbin/mysqld
2020-03-30 21:28:00,1438,mysql,20,0,3592740,1258291,8804,S,64.7,16.1,295:47.56,/usr/sbin/mysqld
2020-03-30 21:29:01,1438,mysql,20,0,3592740,1258291,8804,S,0.0,16.1,296:40.67,/usr/sbin/mysqld
2020-03-30 21:30:02,1438,mysql,20,0,3592740,1258291,8804,S,164.7,16.1,297:41.45,/usr/sbin/mysqld
2020-03-30 21:31:06,1438,mysql,20,0,3592740,1258291,8804,S,141.2,16.1,298:32.98,/usr/sbin/mysqld
2020-03-30 21:32:07,1438,mysql,20,0,3592740,1258291,8804,S,80.0,16.1,299:27.76,/usr/sbin/mysqld
2020-03-30 21:33:08,1438,mysql,20,0,3592740,1258291,8804,S,85.0,16.1,300:20.17,/usr/sbin/mysqld
2020-03-30 21:34:10,1438,mysql,20,0,3592740,1258291,8804,S,157.9,16.1,301:13.75,/usr/sbin/mysqld
2020-03-30 21:35:12,1438,mysql,20,0,3592740,1258291,8804,S,136.8,16.1,302:07.93,/usr/sbin/mysqld
2020-03-30 21:36:14,1438,mysql,20,0,3592740,1258291,8804,S,77.8,16.1,303:01.12,/usr/sbin/mysqld
2020-03-30 21:37:15,1438,mysql,20,0,3592740,1258291,8804,S,83.3,16.1,303:54.48,/usr/sbin/mysqld
2020-03-30 21:38:17,1438,mysql,20,0,3592740,1258291,8840,S,38.9,16.1,304:47.31,/usr/sbin/mysqld
2020-03-30 21:39:18,1438,mysql,20,0,3592740,1258291,8840,S,33.3,16.1,305:39.89,/usr/sbin/mysqld
2020-03-30 21:40:19,1438,mysql,20,0,3592740,1258291,8840,S,83.3,16.1,306:33.99,/usr/sbin/mysqld
2020-03-30 21:41:20,1438,mysql,20,0,3592740,1258291,8840,S,94.4,16.1,307:27.14,/usr/sbin/mysqld
2020-03-30 21:42:21,1438,mysql,20,0,3592740,1258291,8840,S,83.3,16.1,308:19.88,/usr/sbin/mysqld
2020-03-30 21:43:23,1438,mysql,20,0,3592740,1258291,8840,S,88.9,16.1,309:12.53,/usr/sbin/mysqld
2020-03-30 21:44:23,1438,mysql,20,0,3592740,1258291,8840,S,94.1,16.1,310:13.35,/usr/sbin/mysqld
2020-03-30 21:45:25,1438,mysql,20,0,3592740,1258291,8840,S,73.7,16.1,311:12.36,/usr/sbin/mysqld
2020-03-30 21:46:27,1438,mysql,20,0,3592740,1258291,8840,S,94.7,16.1,312:11.30,/usr/sbin/mysqld
2020-03-30 21:47:29,1438,mysql,20,0,3592740,1258291,8848,S,85.0,16.1,313:08.46,/usr/sbin/mysqld
2020-03-30 21:48:29,1438,mysql,20,0,3592740,1258291,8848,S,88.9,16.1,314:06.08,/usr/sbin/mysqld
2020-03-30 21:49:30,1438,mysql,20,0,3592740,1258291,8844,S,77.8,16.1,315:03.27,/usr/sbin/mysqld
2020-03-30 21:50:31,1438,mysql,20,0,3592740,1258291,8844,S,82.4,16.1,315:58.31,/usr/sbin/mysqld
2020-03-30 21:51:32,1438,mysql,20,0,3592740,1258291,8844,S,47.1,16.1,316:52.16,/usr/sbin/mysqld
2020-03-30 21:52:33,1438,mysql,20,0,3592740,1258291,8844,S,22.2,16.1,317:46.09,/usr/sbin/mysqld
2020-03-30 21:53:34,1438,mysql,20,0,3592740,1258291,8844,S,76.5,16.1,318:39.98,/usr/sbin/mysqld
2020-03-30 21:54:35,1438,mysql,20,0,3592740,1258291,8844,S,52.9,16.1,319:33.25,/usr/sbin/mysqld
2020-03-30 21:55:36,1438,mysql,20,0,3592740,1258291,8844,S,77.8,16.1,320:26.78,/usr/sbin/mysqld
2020-03-30 21:56:36,1438,mysql,20,0,3592740,1258291,8844,S,88.9,16.1,321:21.46,/usr/sbin/mysqld
2020-03-30 21:57:37,1438,mysql,20,0,3592740,1258291,8844,S,88.2,16.1,322:14.42,/usr/sbin/mysqld
2020-03-30 21:58:38,1438,mysql,20,0,3592740,1258291,8844,S,76.5,16.1,323:08.05,/usr/sbin/mysqld
2020-03-30 21:59:39,1438,mysql,20,0,3592740,1258291,8840,S,0.0,16.1,323:54.68,/usr/sbin/mysqld
2020-03-30 22:00:39,1438,mysql,20,0,3592740,1258291,8840,S,33.3,16.1,324:55.23,/usr/sbin/mysqld
2020-03-30 22:01:40,1438,mysql,20,0,3592740,1258291,8832,S,83.3,16.1,325:49.47,/usr/sbin/mysqld
2020-03-30 22:02:41,1438,mysql,20,0,3592740,1258291,8832,S,83.3,16.1,326:41.20,/usr/sbin/mysqld
2020-03-30 22:03:41,1438,mysql,20,0,3592740,1258291,8832,S,0.0,16.1,327:33.21,/usr/sbin/mysqld
2020-03-30 22:04:42,1438,mysql,20,0,3592740,1258291,8832,S,0.0,16.1,327:39.82,/usr/sbin/mysqld
2020-03-30 22:05:43,1438,mysql,20,0,3592740,1258291,8832,S,0.0,16.1,327:40.81,/usr/sbin/mysqld
2020-03-30 22:06:44,1438,mysql,20,0,3592740,1258291,8832,S,0.0,16.2,327:41.82,/usr/sbin/mysqld
